"slug","name","nameRw","category","brand","price_RWF","stock","sku","shortDescription","primaryImage"
"777-men-super-love-perfume-set-2-pcs-1","777 MEN Super Love Perfume Set (2 Pcs)","","fragrance","","0","0","FCS-790880","777 MEN Super Love Perfume Set (2 Pcs) — fragrance that leaves a pleasant, long-lasting scent.","https://res.cloudinary.com/dohoc0tmp/image/upload/v1785526939/freedomcosmeticshop/products/vwj4mnnahfjk8pm9hsxk.jpg"
"american-dream-cocoa-butter-lemon-cream","American Dream Cocoa Butter Lemon Cream","","body-care","","0","0","FCS-C6032B","American Dream Cocoa Butter Lemon Cream — body care that leaves skin soft, smooth and comfortable.","https://res.cloudinary.com/dohoc0tmp/image/upload/v1785948571/freedomcosmeticshop/products/mbol7eywlmb1fh6q9esl.jpg"
"asantee-papaya-honey-soap-125g","Asantee Papaya & Honey Soap 125g","","soap","","0","0","FCS-191AB8","Asantee Papaya & Honey Soap 125g — a bathing bar that cleanses and refreshes, leaving skin feeling clean and lightly fragranced.","https://res.cloudinary.com/dohoc0tmp/image/upload/v1785328080/freedomcosmeticshop/products/mqizskrjx7g1hv7baw97.jpg"
"asantee-tamarind-goat-milk-herbal-soap","ASANTEE Tamarind & Goat Milk Herbal Soap (สบู่สมุนไพรมะขามผสมนมแพะ)","","soap","","0","0","FCS-6E8935","ASANTEE Tamarind & Goat Milk Herbal Soap (สบู่สมุนไพรมะขามผสมนมแพะ) — a bathing bar that cleanses and refreshes, leaving skin feeling clean and lightly fragranced.","https://res.cloudinary.com/dohoc0tmp/image/upload/v1785328045/freedomcosmeticshop/products/rthzbglcxeonsnbqi8qd.jpg"
"baby-line-perfumed-baby-petroleum-jelly","Baby Line Perfumed Baby Petroleum Jelly","","baby-kids","","0","0","FCS-31E52C","Baby Line Perfumed Baby Petroleum Jelly — gentle care for delicate baby and child skin.","https://res.cloudinary.com/dohoc0tmp/image/upload/v1785615477/freedomcosmeticshop/products/ntinu75c2ltvhj4lq7hd.jpg"
"bara-eau-de-parfum-2-piece-luxury-gift-set","BARA Eau De Parfum 2-Piece Luxury Gift Set","","fragrance","","0","0","FCS-3504D9","BARA Eau De Parfum 2-Piece Luxury Gift Set — fragrance that leaves a pleasant, long-lasting scent.","https://res.cloudinary.com/dohoc0tmp/image/upload/v1785507519/freedomcosmeticshop/products/tltaklao8sq0shqzsa0p.jpg"
"barakkat-rouge-540-eau-de-parfum","Barakkat Rouge 540 Eau De Parfum","","fragrance","","0","0","FCS-679852","Barakkat Rouge 540 Eau De Parfum — fragrance that leaves a pleasant, long-lasting scent.","https://res.cloudinary.com/dohoc0tmp/image/upload/v1785503991/freedomcosmeticshop/products/gqwlfilbx1jmcpmniaht.jpg"
"barakkat-rouge-540-fragrance-mist-brume-parfum-e","Barakkat Rouge 540 Fragrance Mist (Brume Parfumée)","","fragrance","","0","0","FCS-66AE6E","Barakkat Rouge 540 Fragrance Mist (Brume Parfumée) — fragrance that leaves a pleasant, long-lasting scent.","https://res.cloudinary.com/dohoc0tmp/image/upload/v1785594756/freedomcosmeticshop/products/aomubkwawgiyhwzwsnez.jpg"
"bath-baby-week-beauty-summery-body-mist","Bath & Baby Week Beauty Summery Body Mist","","fragrance","","0","0","FCS-B978D3","Bath & Baby Week Beauty Summery Body Mist — fragrance that leaves a pleasant, long-lasting scent.","https://res.cloudinary.com/dohoc0tmp/image/upload/v1785586590/freedomcosmeticshop/products/c3vzmzplrw2g0u2jxumw.jpg"
"bath-body-week-les-floraux-lune-smell-body-mist","Bath & Body Week LES FLORAUX Lune Smell Body Mist","","fragrance","","0","0","FCS-E429D5","Bath & Body Week LES FLORAUX Lune Smell Body Mist — fragrance that leaves a pleasant, long-lasting scent.","https://res.cloudinary.com/dohoc0tmp/image/upload/v1785585706/freedomcosmeticshop/products/dyhwjtotfwvddfh5cjen.jpg"
"bismid-skin-glowing-bath-with-carrot-oil","Bismid Skin Glowing Bath with Carrot Oil","","body-care","","17000","100","FCS-BDAB1D","Bismid Skin Glowing Bath with Carrot Oil — body care that leaves skin soft, smooth and comfortable.","https://res.cloudinary.com/dohoc0tmp/image/upload/v1786452927/freedomcosmeticshop/products/t8ol2s2lqpdyyuot1d3z.jpg"
"bleu-de-parfum-paris-50ml-eau-de-parfum-set","BLEU DE PARFUM Paris 50ml Eau de Parfum Set","","fragrance","","0","0","FCS-FF9EA0","BLEU DE PARFUM Paris 50ml Eau de Parfum Set — a 50 ml fragrance that leaves a pleasant, long-lasting scent.","https://res.cloudinary.com/dohoc0tmp/image/upload/v1785524412/freedomcosmeticshop/products/hjegznygrggvblcqnezg.jpg"
"bouchou-soft-soap-moisturizing-soothing-gentle-baby-family-bar","Bouchou Soft Soap Moisturizing & Soothing (Gentle Baby & Family Bar)","","baby-kids","","0","0","FCS-7E7C6A","Bouchou Soft Soap Moisturizing & Soothing (Gentle Baby & Family Bar) — gentle care for delicate baby and child skin.","https://res.cloudinary.com/dohoc0tmp/image/upload/v1785275785/freedomcosmeticshop/products/vm4nax7zrwv5r5xifku2.jpg"
"boudchou-baby-ointment-pommade-b-b","Boudchou Baby Ointment (Pommade Bébé)","","baby-kids","","0","0","FCS-84736B","Boudchou Baby Ointment (Pommade Bébé) — gentle care for delicate baby and child skin.",""
"boudchou-baby-petroleum-jelly-cr-me-onctueuse-protectrice","Boudchou Baby Petroleum Jelly / Crème Onctueuse Protectrice","","baby-kids","","0","0","FCS-A5D052","Boudchou Baby Petroleum Jelly / Crème Onctueuse Protectrice — gentle care for delicate baby and child skin.","https://res.cloudinary.com/dohoc0tmp/image/upload/v1785752095/freedomcosmeticshop/products/ylzv8vli0cr1vetohest.jpg"
"cantu-shea-butter-for-natural-hair-coconut-curling-cream","Cantu Shea Butter for Natural Hair Coconut Curling Cream","","haircare","","0","0","FCS-3CE9F7","Cantu Shea Butter for Natural Hair Coconut Curling Cream — haircare that helps keep hair looking neat and healthy.","https://res.cloudinary.com/dohoc0tmp/image/upload/v1785946637/freedomcosmeticshop/products/mwkzptbaktbvonnehds4.jpg"
"carambola-black-spots-herbal-soap-with-honey","Carambola Black Spots Herbal Soap with Honey","","soap","","0","0","FCS-2DA2CC","Carambola Black Spots Herbal Soap with Honey — a bathing bar that cleanses and refreshes, leaving skin feeling clean and lightly fragranced.","https://res.cloudinary.com/dohoc0tmp/image/upload/v1785257384/freedomcosmeticshop/products/juyah8hwgekq9za7r8ev.jpg"
"change-de-canal-fragrance-mist-brume-parfum-e","Change De Canal Fragrance Mist (Brume Parfumée)","","fragrance","","0","0","FCS-A3624C","Change De Canal Fragrance Mist (Brume Parfumée) — fragrance that leaves a pleasant, long-lasting scent.","https://res.cloudinary.com/dohoc0tmp/image/upload/v1785599011/freedomcosmeticshop/products/t0gyf8kxgfh2ufp1wjxu.jpg"
"coconut-fantasy-fine-fragrance-mist","Coconut Fantasy Fine Fragrance Mist","","fragrance","","0","0","FCS-7B4597","Coconut Fantasy Fine Fragrance Mist — fragrance that leaves a pleasant, long-lasting scent.","https://res.cloudinary.com/dohoc0tmp/image/upload/v1785578104/freedomcosmeticshop/products/fyart8pdmz4dv92qxjbs.jpg"
"dabur-herbolene-aloe-jelly","Dabur Herbolene Aloe Jelly 225ml","","petroleum-jelly","","3500","0","FCS-B88CE0","Dabur Herbolene Aloe Jelly 225ml — a petroleum jelly that moisturizes and helps protect dry skin.","https://res.cloudinary.com/dohoc0tmp/image/upload/v1785763854/freedomcosmeticshop/products/zloae5pmydk4t1x5dirw.jpg"
"dabur-herbolene-aloe-jelly-1","Dabur Herbolene Aloe Jelly 425ml","","petroleum-jelly","","5800","0","FCS-F9DCB2","Dabur Herbolene Aloe Jelly 425ml — a petroleum jelly that moisturizes and helps protect dry skin.","https://res.cloudinary.com/dohoc0tmp/image/upload/v1785763854/freedomcosmeticshop/products/zloae5pmydk4t1x5dirw.jpg"
"dalan-citron-frais-classic-multipurpose-soap","Dalan Citron Frais Classic Multipurpose Soap","","soap","","0","0","FCS-656D15","Dalan Citron Frais Classic Multipurpose Soap — a bathing bar that cleanses and refreshes, leaving skin feeling clean and lightly fragranced.","https://res.cloudinary.com/dohoc0tmp/image/upload/v1785344294/freedomcosmeticshop/products/rb86tdqypx3ft3j4fn7v.jpg"
"dalan-glycerin-soap-organic-lime","Dalan Glycerin Soap Organic Lime","","soap","","0","0","FCS-9B7C30","Dalan Glycerin Soap Organic Lime — a bathing bar that cleanses and refreshes, leaving skin feeling clean and lightly fragranced.","https://res.cloudinary.com/dohoc0tmp/image/upload/v1785333373/freedomcosmeticshop/products/mi6noorvhvzox50oujto.jpg"
"dalan-glycerin-soap-organic-olive-oil","Dalan Glycerin Soap Organic Olive Oil","","soap","","0","0","FCS-B5A5AC","Dalan Glycerin Soap Organic Olive Oil — a bathing bar that cleanses and refreshes, leaving skin feeling clean and lightly fragranced.","https://res.cloudinary.com/dohoc0tmp/image/upload/v1785336312/freedomcosmeticshop/products/py77ss0fgelmuk61kvae.jpg"
"dalan-glycerin-soap-with-organic-argan-oil","Dalan Glycerin Soap with Organic Argan Oil","","soap","","0","0","FCS-18904A","Dalan Glycerin Soap with Organic Argan Oil — a bathing bar that cleanses and refreshes, leaving skin feeling clean and lightly fragranced.","https://res.cloudinary.com/dohoc0tmp/image/upload/v1785260898/freedomcosmeticshop/products/ishxav7pcgojefj2szff.jpg"
"dax-pomade-now-with-lanolin","DAX Pomade Now With Lanolin","","haircare","","0","0","FCS-46F915","DAX Pomade Now With Lanolin — haircare that helps keep hair looking neat and healthy.","https://res.cloudinary.com/dohoc0tmp/image/upload/v1785930066/freedomcosmeticshop/products/zp4zqoagt0d7yqhl2cbc.jpg"
"dear-body-autumn-cicada-fine-fragrance-mist","Dear Body Autumn Cicada Fine Fragrance Mist","","fragrance","","0","0","FCS-81C0BD","Dear Body Autumn Cicada Fine Fragrance Mist — fragrance that leaves a pleasant, long-lasting scent.","https://res.cloudinary.com/dohoc0tmp/image/upload/v1785579026/freedomcosmeticshop/products/fz3bna7aebbaiklumwod.jpg"
"dear-body-be-myself-fine-fragrance-mist","Dear Body Be Myself Fine Fragrance Mist","","fragrance","","0","0","FCS-F3F3B3","Dear Body Be Myself Fine Fragrance Mist — fragrance that leaves a pleasant, long-lasting scent.","https://res.cloudinary.com/dohoc0tmp/image/upload/v1785574931/freedomcosmeticshop/products/iwwnabehqimy9qae5qqf.jpg"
"dear-body-border-girl-fine-fragrance-mist","Dear Body Border Girl Fine Fragrance Mist","","fragrance","","0","0","FCS-DC00B0","Dear Body Border Girl Fine Fragrance Mist — fragrance that leaves a pleasant, long-lasting scent.","https://res.cloudinary.com/dohoc0tmp/image/upload/v1785576115/freedomcosmeticshop/products/m0jlqidgvgvrqfkygr5o.jpg"
"dear-body-brilliant-sunflower-fine-fragrance-mist","Dear Body Brilliant Sunflower Fine Fragrance Mist","","fragrance","","0","0","FCS-4A9672","Dear Body Brilliant Sunflower Fine Fragrance Mist — fragrance that leaves a pleasant, long-lasting scent.","https://res.cloudinary.com/dohoc0tmp/image/upload/v1785576780/freedomcosmeticshop/products/uqquhadpfokkzajiabfu.jpg"
"dear-body-noir-for-men-body-mist","Dear Body NOIR for men Body Mist","","fragrance","","0","0","FCS-4371B1","Dear Body NOIR for men Body Mist — fragrance that leaves a pleasant, long-lasting scent.","https://res.cloudinary.com/dohoc0tmp/image/upload/v1785582939/freedomcosmeticshop/products/o8bx5bk69hhzh0b0snev.jpg"
"dear-body-noir-fragrance-mist","Dear Body Noir Fragrance Mist","","fragrance","","0","0","FCS-3F5612","Dear Body Noir Fragrance Mist — fragrance that leaves a pleasant, long-lasting scent.","https://res.cloudinary.com/dohoc0tmp/image/upload/v1785590751/freedomcosmeticshop/products/h96itdqxu6fav85viklv.jpg"
"dear-body-scarlet-for-men-body-mist","Dear Body SCARLET for Men Body Mist","","fragrance","","0","0","FCS-03E07E","Dear Body SCARLET for Men Body Mist — fragrance that leaves a pleasant, long-lasting scent.","https://res.cloudinary.com/dohoc0tmp/image/upload/v1785582361/freedomcosmeticshop/products/svfcuz6agnuqc3orkdx1.jpg"
"dear-body-sweet-vanilla-fine-fragrance-mist","Dear Body Sweet Vanilla Fine Fragrance Mist","","fragrance","","0","0","FCS-39B312","Dear Body Sweet Vanilla Fine Fragrance Mist — fragrance that leaves a pleasant, long-lasting scent.","https://res.cloudinary.com/dohoc0tmp/image/upload/v1785581453/freedomcosmeticshop/products/ovfigvrreven6qehcoot.jpg"
"dettol-juniors-glycerine-soap","Dettol Juniors Glycerine Soap","","soap","","0","0","FCS-304E40","Dettol Juniors Glycerine Soap — a bathing bar that cleanses and refreshes, leaving skin feeling clean and lightly fragranced.","https://res.cloudinary.com/dohoc0tmp/image/upload/v1785323290/freedomcosmeticshop/products/xa805xjk9dderv0y6n3o.jpg"
"dettol-original-antibacterial-soap-100g","Dettol Original Antibacterial Soap 100g","","soap","","0","0","FCS-2A73AA","Dettol Original Antibacterial Soap 100g — a bathing bar that cleanses and refreshes, leaving skin feeling clean and lightly fragranced.","https://res.cloudinary.com/dohoc0tmp/image/upload/v1785318301/freedomcosmeticshop/products/uab3ykszkn9uu8u3tmub.jpg"
"dove-original-beauty-cream-bar-100g","Dove Original Beauty Cream Bar 100g","","soap","","0","0","FCS-0AB055","Dove Original Beauty Cream Bar 100g — a bathing bar that cleanses and refreshes, leaving skin feeling clean and lightly fragranced.","https://res.cloudinary.com/dohoc0tmp/image/upload/v1784801868/freedomcosmeticshop/products/mi8iahdcfaewqx9ihzbq.jpg"
"drodaven-whitening-papaya-milk-body-lotion","DRODAVEN Whitening Papaya + Milk Body Lotion","","whitening","","0","0","FCS-D1146F","DRODAVEN Whitening Papaya + Milk Body Lotion — brightening care that helps even skin tone and leaves skin glowing.",""
"duru-fresh-sensations-beauty-soap-floral-infusion-pack-of-4","Duru Fresh Sensations Beauty Soap – Floral Infusion (Pack of 4)","","soap","","0","0","FCS-B65FC8","Duru Fresh Sensations Beauty Soap – Floral Infusion (Pack of 4) — a bathing bar that cleanses and refreshes, leaving skin feeling clean and lightly fragranced.","https://res.cloudinary.com/dohoc0tmp/image/upload/v1785406730/freedomcosmeticshop/products/np8ycn88wagvcb8phlbz.jpg"
"duru-fresh-sensations-beauty-soap-ocean-breeze-pack-of-4","Duru Fresh Sensations Beauty Soap – Ocean Breeze (Pack of 4)","","soap","","0","0","FCS-9AEDB0","Duru Fresh Sensations Beauty Soap – Ocean Breeze (Pack of 4) — a bathing bar that cleanses and refreshes, leaving skin feeling clean and lightly fragranced.","https://res.cloudinary.com/dohoc0tmp/image/upload/v1785403724/freedomcosmeticshop/products/elm4bunf7lvydbq4uz1x.jpg"
"duru-natural-olive-soap-with-olive-oil-extract","Duru Natural Olive Soap with Olive Oil Extract","","soap","","0","0","FCS-1139D6","Duru Natural Olive Soap with Olive Oil Extract — a bathing bar that cleanses and refreshes, leaving skin feeling clean and lightly fragranced.","https://res.cloudinary.com/dohoc0tmp/image/upload/v1785266659/freedomcosmeticshop/products/t8bccqgdc0wvxfb2gyqj.jpg"
"duru-perfume-beauties-beauty-soap-orchid-charm-pack-of-4","Duru Perfume Beauties Beauty Soap – Orchid Charm (Pack of 4)","","soap","","0","0","FCS-AAC8D1","Duru Perfume Beauties Beauty Soap – Orchid Charm (Pack of 4) — a bathing bar that cleanses and refreshes, leaving skin feeling clean and lightly fragranced.","https://res.cloudinary.com/dohoc0tmp/image/upload/v1785405550/freedomcosmeticshop/products/asspz0qq78bvj9sh2o4d.jpg"
"eva-bathing-soap-refresh-coconut-lavender","EVA Bathing Soap Refresh (Coconut & Lavender)","","soap","","0","0","FCS-21AAFA","EVA Bathing Soap Refresh (Coconut & Lavender) — a bathing bar that cleanses and refreshes, leaving skin feeling clean and lightly fragranced.","https://res.cloudinary.com/dohoc0tmp/image/upload/v1785342959/freedomcosmeticshop/products/mefwlzqxjozxc6lxwmtp.jpg"
"exfoliating-gold-face-body-scrub-with-natural-exfoliating-fruit-shells-gold-pearl","Exfoliating Gold Face & Body Scrub (With Natural Exfoliating Fruit Shells & Gold Pearl)","","skincare","","0","0","FCS-02BE2B","Exfoliating Gold Face & Body Scrub (With Natural Exfoliating Fruit Shells & Gold Pearl) — skincare for a clean, soft and cared-for complexion.","https://res.cloudinary.com/dohoc0tmp/image/fetch/f_auto,q_auto/https://img.kilimall.com/gallery/store/100002321/202606/e7b8a19e5bb041a09e4281974e7d5825.png"
"extract-whitening-herbal-soap-papaya-calaman","Extract Whitening Herbal Soap Papaya Calaman","","soap","","0","0","FCS-2641FD","Extract Whitening Herbal Soap Papaya Calaman — a bathing bar that cleanses and refreshes, leaving skin feeling clean and lightly fragranced.","https://res.cloudinary.com/dohoc0tmp/image/upload/v1785339369/freedomcosmeticshop/products/c1ypkwpamdkvo8iscs1i.jpg"
"geisha-caring-coconut-honey-soap","Geisha Caring Coconut & Honey Soap","","soap","","0","0","FCS-165BC6","Geisha Caring Coconut & Honey Soap — a bathing bar that cleanses and refreshes, leaving skin feeling clean and lightly fragranced.","https://res.cloudinary.com/dohoc0tmp/image/upload/v1785411414/freedomcosmeticshop/products/iror38wjidbjullcnq5i.jpg"
"geisha-soothing-aloe-vera-honey-soap-strong-long-lasting-daily-bathing-bar","Geisha Soothing Aloe Vera & Honey Soap (Strong & Long Lasting Daily Bathing Bar)","","soap","","0","0","FCS-A33C05","Geisha Soothing Aloe Vera & Honey Soap (Strong & Long Lasting Daily Bathing Bar) — a bathing bar that cleanses and refreshes, leaving skin feeling clean and lightly fragranced.","https://res.cloudinary.com/dohoc0tmp/image/upload/v1785419804/freedomcosmeticshop/products/rf8dkt3la8kjhn1ho4vr.jpg"
"imperial-leather-timeless-classic-bathing-bar-soap","Imperial Leather Timeless Classic Bathing Bar Soap","","soap","","0","0","FCS-30477D","Imperial Leather Timeless Classic Bathing Bar Soap — a bathing bar that cleanses and refreshes, leaving skin feeling clean and lightly fragranced.","https://res.cloudinary.com/dohoc0tmp/image/upload/v1785338412/freedomcosmeticshop/products/mjh8zobcsle2drbkwqui.jpg"
"intense-wood-fragrance-mist-brume-parfum-e","Intense Wood Fragrance Mist (Brume Parfumée)","","fragrance","","0","0","FCS-27EC6D","Intense Wood Fragrance Mist (Brume Parfumée) — fragrance that leaves a pleasant, long-lasting scent.","https://res.cloudinary.com/dohoc0tmp/image/upload/v1785596793/freedomcosmeticshop/products/l3u1dx0nvggviml2j4wf.jpg"
"johnson-s-baby-aqueous-cream-lightly-fragranced-350ml","Johnson's Baby Aqueous Cream Lightly Fragranced 350ml","","baby-kids","","0","0","FCS-F88C1B","Johnson's Baby Aqueous Cream Lightly Fragranced 350ml — gentle care for delicate baby and child skin.","https://res.cloudinary.com/dohoc0tmp/image/upload/v1785666379/freedomcosmeticshop/products/epooo6zcjrff5jkjpf3a.jpg"
"kojic-white-x2-double-whitening-suite-soap-by-nano-d-ne","KOJIC WHITE X2 Double Whitening Suite Soap (By Nano D-ne)","","soap","","0","0","FCS-BB3B66","KOJIC WHITE X2 Double Whitening Suite Soap (By Nano D-ne) — a bathing bar that cleanses and refreshes, leaving skin feeling clean and lightly fragranced.","https://res.cloudinary.com/dohoc0tmp/image/upload/v1785422179/freedomcosmeticshop/products/xarblgnd2rixtzj1rdhl.jpg"
"kojie-san-classic-skin-lightening-soap","Kojie San Classic Skin Lightening Soap","","soap","","0","0","FCS-4B508D","Kojie San Classic Skin Lightening Soap — a bathing bar that cleanses and refreshes, leaving skin feeling clean and lightly fragranced.","https://res.cloudinary.com/dohoc0tmp/image/upload/v1785251484/freedomcosmeticshop/products/jjedlroklxezidgfgwje.jpg"
"kristal-fragrance-mist-brume-parfum-e","Kristal Fragrance Mist (Brume Parfumée)","","fragrance","","0","0","FCS-136B40","Kristal Fragrance Mist (Brume Parfumée) — fragrance that leaves a pleasant, long-lasting scent.","https://res.cloudinary.com/dohoc0tmp/image/upload/v1785593849/freedomcosmeticshop/products/e3dyl4jqwcdl4a8ygjpl.jpg"
"la-tchadienne-whitening-lotion-super-white-face-body-lotion","LA TCHADIENNE Whitening Lotion Super White Face & Body Lotion","","whitening","","0","0","FCS-BDA17B","LA TCHADIENNE Whitening Lotion Super White Face & Body Lotion — brightening care that helps even skin tone and leaves skin glowing.","https://res.cloudinary.com/dohoc0tmp/image/upload/v1785774111/freedomcosmeticshop/products/rsdralpsie1kch0cpxr0.jpg"
"lab-white-atom-whitening-egg-yolk-soap","Lab White Atom Whitening Egg Yolk Soap","","soap","","0","0","FCS-56F90F","Lab White Atom Whitening Egg Yolk Soap — a bathing bar that cleanses and refreshes, leaving skin feeling clean and lightly fragranced.","https://res.cloudinary.com/dohoc0tmp/image/upload/v1785428951/freedomcosmeticshop/products/fszfhs4viix5fkh0m8jd.jpg"
"mayora-eau-de-parfum-2-piece-luxury-gift-set","MAYORA Eau De Parfum 2-Piece Luxury Gift Set","","fragrance","","0","0","FCS-29363F","MAYORA Eau De Parfum 2-Piece Luxury Gift Set — fragrance that leaves a pleasant, long-lasting scent.","https://res.cloudinary.com/dohoc0tmp/image/upload/v1785505042/freedomcosmeticshop/products/xno2k8fygel4mj9evtqd.jpg"
"mega-growth-break-free-hair-scalp-food","Mega Growth Break-Free Hair & Scalp Food","","haircare","","0","0","FCS-080E75","Mega Growth Break-Free Hair & Scalp Food — haircare that helps keep hair looking neat and healthy.","https://res.cloudinary.com/dohoc0tmp/image/upload/v1785938439/freedomcosmeticshop/products/gdrz2hkir6xvqatbogvt.jpg"
"miadi-hair-curl-activator-gel","MIADI Hair Curl Activator Gel","","haircare","","0","0","FCS-A6311A","MIADI Hair Curl Activator Gel — haircare that helps keep hair looking neat and healthy.","https://res.cloudinary.com/dohoc0tmp/image/upload/v1785921107/freedomcosmeticshop/products/flu0mlrt5uzqlskif2xv.jpg"
"miadi-hair-mouldin-gel-wax-with-olive-oil","MIADI Hair Mouldin' Gel Wax (With Olive Oil)","","haircare","","0","0","FCS-FD701B","MIADI Hair Mouldin' Gel Wax (With Olive Oil) — haircare that helps keep hair looking neat and healthy.","https://res.cloudinary.com/dohoc0tmp/image/upload/v1785923213/freedomcosmeticshop/products/bh9qqhnkwyipnwjfbz7k.jpg"
"more-up-aloe-vera-vitamin-e-2-in-1-pure-petroleum-jelly","More Up Aloe Vera & Vitamin E 2-in-1 Pure Petroleum Jelly","","petroleum-jelly","","0","0","FCS-5F7E35","More Up Aloe Vera & Vitamin E 2-in-1 Pure Petroleum Jelly — a petroleum jelly that moisturizes and helps protect dry skin.","https://res.cloudinary.com/dohoc0tmp/image/upload/v1785753463/freedomcosmeticshop/products/b31zwnnqrkkhggd0c5et.jpg"
"movit-sheen-hair-spray-olive-argan-oil","Movit Sheen Hair Spray Olive & Argan Oil","","haircare","","0","0","FCS-E7DCB3","Movit Sheen Hair Spray Olive & Argan Oil — haircare that helps keep hair looking neat and healthy.","https://res.cloudinary.com/dohoc0tmp/image/upload/v1785955264/freedomcosmeticshop/products/wj30xdhxdknywjnzyq4c.jpg"
"mpya-rungu-medi-anti-bacterial-soap","MPYA Rungu-Medi Anti-Bacterial Soap","","soap","","0","0","FCS-05DB91","MPYA Rungu-Medi Anti-Bacterial Soap — a bathing bar that cleanses and refreshes, leaving skin feeling clean and lightly fragranced.","https://res.cloudinary.com/dohoc0tmp/image/upload/v1785345007/freedomcosmeticshop/products/vo5fdaykx4711legrdip.jpg"
"nina-family-soap-bathing-bar-rose-peach","NINA Family Soap Bathing Bar (Rose & Peach)","","soap","","0","0","FCS-DC4BD4","NINA Family Soap Bathing Bar (Rose & Peach) — a bathing bar that cleanses and refreshes, leaving skin feeling clean and lightly fragranced.","https://res.cloudinary.com/dohoc0tmp/image/upload/v1785349016/freedomcosmeticshop/products/pbrufrzyhbzr5s7uhhk8.jpg"
"oniro-fragrance-mist-brume-parfum-e","ONIRO Fragrance Mist (Brume Parfumée)","","fragrance","","0","0","FCS-D6A94C","ONIRO Fragrance Mist (Brume Parfumée) — fragrance that leaves a pleasant, long-lasting scent.","https://res.cloudinary.com/dohoc0tmp/image/upload/v1785596298/freedomcosmeticshop/products/jxqf9ub5qbkxqotqqndp.jpg"
"original-pure-egyptian-magic-whitening-gold-soap-with-egg-yolk-l-glutathione","Original Pure Egyptian Magic Whitening Gold Soap (With Egg Yolk & L-Glutathione)","","soap","","0","0","FCS-5E2CD5","Original Pure Egyptian Magic Whitening Gold Soap (With Egg Yolk & L-Glutathione) — a bathing bar that cleanses and refreshes, leaving skin feeling clean and lightly fragranced.","https://res.cloudinary.com/dohoc0tmp/image/upload/v1785427126/freedomcosmeticshop/products/dmulx5tjg2ozzyjamygo.jpg"
"oud-for-glory-bade-e-al-oud-fragrance-mist-brume-parfum-e","Oud For Glory (Bade'e Al Oud) Fragrance Mist (Brume Parfumée)","","fragrance","","0","0","FCS-9360CB","Oud For Glory (Bade'e Al Oud) Fragrance Mist (Brume Parfumée) — fragrance that leaves a pleasant, long-lasting scent.","https://res.cloudinary.com/dohoc0tmp/image/upload/v1785275785/freedomcosmeticshop/products/vm4nax7zrwv5r5xifku2.jpg"
"papaya-carrot-gluta-soap-scrub-beads","Papaya Carrot Gluta Soap Scrub Beads","","soap","","0","0","FCS-169EBE","Papaya Carrot Gluta Soap Scrub Beads — a bathing bar that cleanses and refreshes, leaving skin feeling clean and lightly fragranced.","https://res.cloudinary.com/dohoc0tmp/image/upload/v1785410411/freedomcosmeticshop/products/fq74l4dcnposbhohnqt8.jpg"
"piment-doux-5-days-extra-whitening-milk-lait-traitant","Piment Doux 5 Days Extra Whitening Milk (Lait Traitant)","","whitening","","0","0","FCS-08EF2C","Piment Doux 5 Days Extra Whitening Milk (Lait Traitant) — brightening care that helps even skin tone and leaves skin glowing.","https://res.cloudinary.com/dohoc0tmp/image/upload/v1785775077/freedomcosmeticshop/products/gmtzfdhqwjwatwkh1ugj.jpg"
"protex-gentle-anti-germ-bar-soap","Protex Gentle Anti-Germ Bar Soap","","soap","","0","0","FCS-ABD506","Protex Gentle Anti-Germ Bar Soap — a bathing bar that cleanses and refreshes, leaving skin feeling clean and lightly fragranced.","https://res.cloudinary.com/dohoc0tmp/image/upload/v1785340701/freedomcosmeticshop/products/cowefrellnnncgu1qzkk.jpg"
"pure-egyptian-magic-whitening-serum-gold-14-days-face-body-serum","Pure Egyptian Magic Whitening Serum Gold 14 Days Face & Body Serum","","whitening","","7000","100","FCS-DC6ED9","Pure Egyptian Magic Whitening Serum Gold 14 Days Face & Body Serum — brightening care that helps even skin tone and leaves skin glowing.","https://res.cloudinary.com/dohoc0tmp/image/upload/v1786446710/freedomcosmeticshop/products/lua9yui5vjib5mfi5vyf.jpg"
"purec-egyptian-gold-14days-face-body-lotion","Purec Egyptian Gold 14Days Face & Body Lotion","","whitening","","0","0","FCS-9F13C5","Purec Egyptian Gold 14Days Face & Body Lotion — brightening care that helps even skin tone and leaves skin glowing.","https://res.cloudinary.com/dohoc0tmp/image/upload/v1785769032/freedomcosmeticshop/products/pwt9y1qajj8t2bq9gii7.jpg"
"pyary-ayurvedic-turmeric-soap","Pyary Ayurvedic Turmeric Soap","","soap","","0","0","FCS-5E3382","Pyary Ayurvedic Turmeric Soap — a bathing bar that cleanses and refreshes, leaving skin feeling clean and lightly fragranced.","https://res.cloudinary.com/dohoc0tmp/image/fetch/f_auto,q_auto/https://fnf.co.ke/wp-content/uploads/Pyary-Ayurvedic-Turmeric-Soap-1.jpg"
"rdl-papaya-extract-whitening-hand-body-lotion-vitamin-e","RDL Papaya Extract Whitening Hand & Body Lotion + Vitamin E","","whitening","","0","0","FCS-92C530","RDL Papaya Extract Whitening Hand & Body Lotion + Vitamin E — brightening care that helps even skin tone and leaves skin glowing.","https://res.cloudinary.com/dohoc0tmp/image/upload/v1785772074/freedomcosmeticshop/products/kfv0a51tij72yjolyknh.jpg"
"rinju-beaut-r-elle-body-hand-cream","Rinju Beauté Réelle Body & Hand Cream","","body-care","","0","0","FCS-31676E","Rinju Beauté Réelle Body & Hand Cream — body care that leaves skin soft, smooth and comfortable.","https://res.cloudinary.com/dohoc0tmp/image/upload/v1785177428/freedomcosmeticshop/products/krdbzxftrbwkkeklvjkk.jpg"
"roushun-turmeric-with-vitamin-c-lighten-body-lotion","Roushun Turmeric with Vitamin C Lighten Body Lotion","","whitening","","0","0","FCS-B4EAC2","Roushun Turmeric with Vitamin C Lighten Body Lotion — brightening care that helps even skin tone and leaves skin glowing.","https://res.cloudinary.com/dohoc0tmp/image/fetch/f_auto,q_auto/https://bcute-kw.com/wp-content/uploads/2024/01/114.jpg"
"scanoal-a-paris-eau-de-parfum-spray-set-2-pcs","SCANOAL A PARIS Eau de Parfum Spray Set (2 Pcs)","","fragrance","","0","0","FCS-1002E9","SCANOAL A PARIS Eau de Parfum Spray Set (2 Pcs) — fragrance that leaves a pleasant, long-lasting scent.","https://res.cloudinary.com/dohoc0tmp/image/upload/v1785572005/freedomcosmeticshop/products/rdrdaalgmv1dcthpeoqn.jpg"
"silky-cool-cucumber-face-and-body-scrub-cream","Silky Cool Cucumber Face and Body Scrub Cream","","skincare","","0","0","FCS-011B85","Silky Cool Cucumber Face and Body Scrub Cream — skincare for a clean, soft and cared-for complexion.","https://res.cloudinary.com/dohoc0tmp/image/upload/v1785933355/freedomcosmeticshop/products/pcsjhdxi7nzann9qsopq.jpg"
"silky-cool-milk-face-and-body-scrub","Silky Cool Milk Face and Body Scrub","","skincare","","0","0","FCS-661231","Silky Cool Milk Face and Body Scrub — skincare for a clean, soft and cared-for complexion.","https://res.cloudinary.com/dohoc0tmp/image/upload/v1785931275/freedomcosmeticshop/products/zllnynqtwbwuftsoizqk.jpg"
"soap","Dettol Fresh Antibacterial Soap (Pack of 4)","","soap","freedom-glow","2300","96","DETTOL-FRESH-4PACK","Antibacterial soap pack of 4 bars. Protects against 99.9% of germs.","https://res.cloudinary.com/dohoc0tmp/image/upload/v1784821673/freedomcosmeticshop/products/hzdvbgszvvllxn61zuhj.jpg"
"super-love-eau-de-parfum-2-piece-gift-set","Super Love Eau De Parfum 2-Piece Gift Set","","fragrance","","0","0","FCS-2E7A51","Super Love Eau De Parfum 2-Piece Gift Set — fragrance that leaves a pleasant, long-lasting scent.","https://res.cloudinary.com/dohoc0tmp/image/upload/v1785506299/freedomcosmeticshop/products/qdngvdg5pelyz27l7cva.jpg"
"super-love-red-eau-de-parfum-2pcs-gift-set","SUPER LOVE' RED Eau de Parfum 2PCS Gift Set","","fragrance","","0","0","FCS-97CCA1","SUPER LOVE' RED Eau de Parfum 2PCS Gift Set — fragrance that leaves a pleasant, long-lasting scent.","https://res.cloudinary.com/dohoc0tmp/image/upload/v1785253875/freedomcosmeticshop/products/ptt2zb4lf7obprxbqocp.jpg"
"sweet-rose-eau-de-parfum-spray-for-women","Sweet Rose Eau de Parfum Spray for Women","","fragrance","","0","0","FCS-B9FF14","Sweet Rose Eau de Parfum Spray for Women — fragrance that leaves a pleasant, long-lasting scent.","https://res.cloudinary.com/dohoc0tmp/image/upload/v1785567501/freedomcosmeticshop/products/ejubdbh5y00k9rii9ec1.jpg"
"the-original-sunny-isle-jamaican-black-castor-oil","The Original Sunny Isle Jamaican Black Castor Oil","","haircare","","0","0","FCS-59C791","The Original Sunny Isle Jamaican Black Castor Oil — haircare that helps keep hair looking neat and healthy.","https://res.cloudinary.com/dohoc0tmp/image/upload/v1786737895/freedomcosmeticshop/products/brnx4tvukuej2r1kdhf3.jpg"
"touch-me-please-whitening-soap-for-oily-skin-with-natural-extracts","Touch Me! PLEASE Whitening Soap for Oily Skin (With Natural Extracts)","","soap","","0","0","FCS-C8D70A","Touch Me! PLEASE Whitening Soap for Oily Skin (With Natural Extracts) — a bathing bar that cleanses and refreshes, leaving skin feeling clean and lightly fragranced.","https://res.cloudinary.com/dohoc0tmp/image/upload/v1785423798/freedomcosmeticshop/products/ql3xedro1ahbhsgmbgxz.jpg"
"turmeric-super-whitening-soap-body-repair-anti-dark-spots-anti-aging","Turmeric Super Whitening Soap (Body Repair, Anti Dark Spots & Anti-aging)","","soap","","0","0","FCS-2DEBCC","Turmeric Super Whitening Soap (Body Repair, Anti Dark Spots & Anti-aging) — a bathing bar that cleanses and refreshes, leaving skin feeling clean and lightly fragranced.","https://res.cloudinary.com/dohoc0tmp/image/upload/v1785351372/freedomcosmeticshop/products/uvnimtjggc0qwfwsqjjn.jpg"
"vaseline-blue-seal-aloe-vera-perfumed-petroleum-jelly-240ml","Vaseline Blue Seal Aloe Vera Perfumed Petroleum Jelly 240ml","","petroleum-jelly","","0","0","FCS-0C1239","Vaseline Blue Seal Aloe Vera Perfumed Petroleum Jelly 240ml — a petroleum jelly that moisturizes and helps protect dry skin.","https://res.cloudinary.com/dohoc0tmp/image/upload/v1785743842/freedomcosmeticshop/products/jwmldyeua5frcd5smmlh.jpg"
"vaseline-blue-seal-baby-perfumed-petroleum-jelly","Vaseline Blue Seal Baby Perfumed Petroleum Jelly","","baby-kids","","0","0","FCS-C85D65","Vaseline Blue Seal Baby Perfumed Petroleum Jelly — gentle care for delicate baby and child skin.","https://res.cloudinary.com/dohoc0tmp/image/upload/v1785744458/freedomcosmeticshop/products/o6siclqupvyrrqste10z.jpg"
"vaseline-blue-seal-cocoa-butter-perfumed-petroleum-jelly","Vaseline Blue Seal Cocoa Butter Perfumed Petroleum Jelly","","petroleum-jelly","","0","0","FCS-45C7BC","Vaseline Blue Seal Cocoa Butter Perfumed Petroleum Jelly — a petroleum jelly that moisturizes and helps protect dry skin.","https://res.cloudinary.com/dohoc0tmp/image/upload/v1785746983/freedomcosmeticshop/products/yp0xwblxlxlzdxo7c6je.jpg"
"vaseline-blue-seal-men-cooling-perfumed-petroleum-jelly-240ml","Vaseline Blue Seal Men Cooling Perfumed Petroleum Jelly 240ml","","petroleum-jelly","","0","0","FCS-472305","Vaseline Blue Seal Men Cooling Perfumed Petroleum Jelly 240ml — a petroleum jelly that moisturizes and helps protect dry skin.","https://res.cloudinary.com/dohoc0tmp/image/upload/v1785744236/freedomcosmeticshop/products/fqnuuzmyhyflpg05uequ.jpg"
"vaseline-blue-seal-original-100-pure-petroleum-jelly-240ml","Vaseline Blue Seal Original 100% Pure Petroleum Jelly 240ml","","petroleum-jelly","","0","0","FCS-546E4D","Vaseline Blue Seal Original 100% Pure Petroleum Jelly 240ml — a petroleum jelly that moisturizes and helps protect dry skin.","https://res.cloudinary.com/dohoc0tmp/image/upload/v1785743501/freedomcosmeticshop/products/ypdn9peqizrjvy5lpaom.jpg"
"vaseline-intensive-care-cocoa-radiant-vitalizing-body-oil","Vaseline Intensive Care Cocoa Radiant Vitalizing Body Oil","","body-oil","","0","0","FCS-51D6FF","Vaseline Intensive Care Cocoa Radiant Vitalizing Body Oil — a body oil that nourishes and leaves skin glowing.","https://res.cloudinary.com/dohoc0tmp/image/upload/v1785769918/freedomcosmeticshop/products/q4ryrfcks8gfnuepeysc.jpg"
"veet-gold-turmeric-super-whitening-oil","Veet Gold Turmeric Super Whitening Oil 500ml","","body-oil","","10000","50","VG-TUR-OIL-500ML","Veet Gold Turmeric Super Whitening Oil 500ml — a body oil that nourishes and leaves skin glowing.","https://res.cloudinary.com/dohoc0tmp/image/upload/v1785253875/freedomcosmeticshop/products/ptt2zb4lf7obprxbqocp.jpg"
"veet-gold-turmeric-super-whitening-oil-1","Veet Gold Turmeric Super Whitening Oil 300ml","","body-oil","","8000","50","VG-TUR-OIL-300ML","Veet Gold Turmeric Super Whitening Oil 300ml — a body oil that nourishes and leaves skin glowing.","https://res.cloudinary.com/dohoc0tmp/image/upload/v1785351385/freedomcosmeticshop/products/cckaytiz9iah7tzt9r2d.jpg"
"veet-gold-turmeric-super-whitening-oil-2","Veet Gold Turmeric Super Whitening Oil 200ml","","body-oil","","7000","50","VG-TUR-OIL-200ML","Veet Gold Turmeric Super Whitening Oil 200ml — a body oil that nourishes and leaves skin glowing.","https://res.cloudinary.com/dohoc0tmp/image/upload/v1785950874/freedomcosmeticshop/products/ljf4fi2bzfonfnslqdbv.jpg"
"veet-gold-vitamin-c-body-corrector-soap-7-days-whitening-and-glowing-soap-spf15","Veet Gold Vitamin C Body Corrector Soap (7 Days Whitening and Glowing Soap SPF15)","","soap","","0","0","FCS-45AD1C","Veet Gold Vitamin C Body Corrector Soap (7 Days Whitening and Glowing Soap SPF15) — a bathing bar that cleanses and refreshes, leaving skin feeling clean and lightly fragranced.","https://res.cloudinary.com/dohoc0tmp/image/upload/v1785418158/freedomcosmeticshop/products/wd1regvqfymw8gzulket.jpg"
"verlorna-la-vaid-east-bellah-fragrance-mist-250ml","VERLORNA La Vaid East Bellah Fragrance Mist – 250ml","","fragrance","","6500","100","FCS-E73CE9","VERLORNA La Vaid East Bellah Fragrance Mist – 250ml — a 250 ml fragrance that leaves a pleasant, long-lasting scent.","https://res.cloudinary.com/dohoc0tmp/image/upload/v1786606794/freedomcosmeticshop/products/pyltdl4fmy1cbkxvnjhb.jpg"
"verlorna-my-love-fragrance-mist-250ml","VERLORNA MY LOVE Fragrance Mist – 250ml","","fragrance","","6500","100","FCS-EDE155","VERLORNA MY LOVE Fragrance Mist – 250ml — a 250 ml fragrance that leaves a pleasant, long-lasting scent.","https://res.cloudinary.com/dohoc0tmp/image/upload/v1786609433/freedomcosmeticshop/products/sdaa6qnnfykwpoq4lmuy.jpg"
"verlorna-suawace-fragrance-mist-250ml","VERLORNA SUAWACE Fragrance Mist – 250ml","","fragrance","","6500","100","FCS-91D8D0","VERLORNA SUAWACE Fragrance Mist – 250ml — a 250 ml fragrance that leaves a pleasant, long-lasting scent.","https://res.cloudinary.com/dohoc0tmp/image/upload/v1786612568/freedomcosmeticshop/products/tenqfiqyshrw2z4jnc4v.jpg"
"verlorna-world-barakkat-rouge-540-body-mist","Verlorna World Barakkat Rouge 540 Body Mist","","fragrance","","0","0","FCS-16E1CE","Verlorna World Barakkat Rouge 540 Body Mist — fragrance that leaves a pleasant, long-lasting scent.","https://res.cloudinary.com/dohoc0tmp/image/fetch/f_auto,q_auto/https://www.anabis.com/images/products/Fragrance-World-Barakkat-Rouge-540-Body-Mist-250ml.png"
"verlorna-world-fantsly","Verlorna World Fantsly","","fragrance","","0","0","FCS-A23DD9","Verlorna World Fantsly — fragrance that leaves a pleasant, long-lasting scent.","https://res.cloudinary.com/dohoc0tmp/image/upload/v1785587162/freedomcosmeticshop/products/eyxbuptycx34u36ziafw.jpg"
"verlorna-world-for-away-body-mist","Verlorna World For Away Body Mist","","fragrance","","0","0","FCS-2410B8","Verlorna World For Away Body Mist — fragrance that leaves a pleasant, long-lasting scent.",""
"verlorna-world-ideal-fragrance-mist","Verlorna World Ideal Fragrance Mist","","fragrance","","0","0","FCS-DE5FB1","Verlorna World Ideal Fragrance Mist — fragrance that leaves a pleasant, long-lasting scent.","https://res.cloudinary.com/dohoc0tmp/image/upload/v1785590016/freedomcosmeticshop/products/jcugu99bdidzat7nzfda.jpg"
"victoria-super-colorful-vsc-carrot-7-days-extra-whitening-soap","Victoria Super Colorful (VSC) Carrot 7 Days Extra Whitening Soap","","soap","","0","0","FCS-341EDE","Victoria Super Colorful (VSC) Carrot 7 Days Extra Whitening Soap — a bathing bar that cleanses and refreshes, leaving skin feeling clean and lightly fragranced.","https://res.cloudinary.com/dohoc0tmp/image/upload/v1785416037/freedomcosmeticshop/products/rewc1luelzne0boapvll.jpg"
"white-express-lait-claircissant-complexe-duo-clat","White Express Lait Éclaircissant – Complexe Duo-Éclat","","whitening","","0","0","FCS-A922E0","White Express Lait Éclaircissant – Complexe Duo-Éclat — brightening care that helps even skin tone and leaves skin glowing.","https://res.cloudinary.com/dohoc0tmp/image/upload/v1785777737/freedomcosmeticshop/products/jmlmcphaei4ddsld4qyj.jpg"
"white-express-lait-claircissant-extra-whitening-lotion-500ml","White Express Lait Éclaircissant – Extra Whitening Lotion 500ml","","whitening","","0","0","FCS-88AF67","White Express Lait Éclaircissant – Extra Whitening Lotion 500ml — brightening care that helps even skin tone and leaves skin glowing.","https://res.cloudinary.com/dohoc0tmp/image/upload/v1785778463/freedomcosmeticshop/products/fmq9pmjvodwuui4eq5sd.jpg"
"yara-pink-fragrance-mist-brume-parfum-e","Yara Pink Fragrance Mist (Brume Parfumée)","","fragrance","","0","0","FCS-6032E8","Yara Pink Fragrance Mist (Brume Parfumée) — fragrance that leaves a pleasant, long-lasting scent.","https://res.cloudinary.com/dohoc0tmp/image/upload/v1785428933/freedomcosmeticshop/products/arphdcgulzwdd5kjhabn.jpg"
"zwitsal-baby-body-lotion-with-avocado-oil-400ml","Zwitsal Baby Body Lotion with Avocado Oil – 400ml","","baby-kids","","0","0","FCS-414D9E","Zwitsal Baby Body Lotion with Avocado Oil – 400ml — gentle care for delicate baby and child skin.","https://res.cloudinary.com/dohoc0tmp/image/upload/v1784977077/freedomcosmeticshop/products/dyt0k3wkdsyijkwgbvog.jpg"